<?xml version="1.0" encoding="UTF-8"?>
<OWIGMDEData Version="1">
  <Header Herkunft="WinowigMobil-Export" Sachbearbeitername="Admin"/>
  <Mandant>
    <Fall FallArt="VOWI">
      <Falldaten>
        <Fahrzeug>
          <Nationalitaet>D</Nationalitaet>
          <Verkehrsbeteiligung>Führer/Halter des PKW</Verkehrsbeteiligung>
          <Fabrikat>märzer</Fabrikat>
          <Kennzeichen>HH AB 123</Kennzeichen>
          <Kennzeichenart>00</Kennzeichenart>
        </Fahrzeug>
        <Tattag>
          <Von>10.11.2024</Von>
          <Bis>10.11.2024</Bis>
        </Tattag>
        <Tatzeit>
          <Von>12:00:00</Von>
          <Bis>12:03:00</Bis>
        </Tatzeit>
      </Falldaten>
      <Tatbestaende>
        <Tatbestand>
          <Texttyp>9</Texttyp>
          <Tatbestandsnummer>142170</Tatbestandsnummer>
          <Verstossart>8</Verstossart>
        </Tatbestand>
      </Tatbestaende>
      <Bilder>
        <Bild Inhalt="Gesamtbild" Dateiname="test.jpg"/>
      </Bilder>
      <Beweise>
        <Beweis>Zeugin/Zeuge</Beweis>
        <Beweis>Foto</Beweis>
      </Beweise>
      <Zeuge>
        <Zeilen>
          <Zeile>Uschi Müller</Zeile>
          <Zeile>2. OG, Am Weiher 123, 54321 Dorf</Zeile>
        </Zeilen>
      </Zeuge>
      <Tatorte>
        <Tatort>Am Weiher 123, 12345 Dorf</Tatort>
        <Tatort>Beim Nazis-Raus Aufkleber</Tatort>
        <Tatort>(53.57532,10.01534)</Tatort>
      </Tatorte>
    </Fall>
  </Mandant>
</OWIGMDEData>
