<?xml version="1.0" encoding="UTF-8"?>
<OWIGMDEData Version="1">
  <!-- Required -->
  <Header Herkunft="weg.li" Sachbearbeitername="123456@anzeige.weg.li"/>
  <!-- Multiple -->
  <Mandant>
    <!-- Multiple -->
    <Fall FallArt="VOWI" GPS="53.57532;10.01534">
      <!-- Required -->
      <Beteiligte>
        <!-- Required -->
        <Beteiligter Funktion="keine" Typ="Anzeigenerstatter">
          <!-- Optional -->
          <Kontakt>
            <Anschrift>
              <!-- Default is '-' weg.li does not use salutations -->
              <Anrede>-</Anrede>
              <!-- Required -->
              <Vorname>Uschi</Vorname>
              <!-- Required -->
              <Name>Müller</Name>
              <!-- Required -->
              <Strasse>Am Weiher</Strasse>
              <!-- Required -->
              <Hausnummer>123</Hausnummer>
              <!-- Optional -->
              <Adresszusatz>2. OG</Adresszusatz>
              <!-- Required -->
              <PLZ>17098</PLZ>
              <!-- Required -->
              <Ort>Dorf</Ort>
              <!-- Default is 'D' weg.li permits DE only -->
              <Landeskennzeichen>D</Landeskennzeichen>
            </Anschrift>
            <!-- Required -->
            <EMail>test@example.com</EMail>
            <!-- Optional -->
            <Telefon>0178123456</Telefon>
          </Kontakt>
          <!-- Optional -->
          <Zusatzdaten>
            <Geburtsdatum>31.12.2000</Geburtsdatum>
          </Zusatzdaten>
        </Beteiligter>
      </Beteiligte>
      <!-- Optional -->
      <Bemerkungen>
        <!-- Optional max 2 (lets hope there are not too many flags) -->
        <Bemerkung>Das Fahrzeug war verlassen</Bemerkung>
      </Bemerkungen>
      <!-- Optional -->
      <Falldaten>
        <!-- Optional -->
        <Fahrzeug>
          <!-- Optional -->
          <Nationalitaet>D</Nationalitaet>
          <!-- Optional -->
          <Verkehrsbeteiligung>Führer des PKW</Verkehrsbeteiligung>
          <!-- Optional -->
          <VerkehrsbeteiligungKurzform>1D</VerkehrsbeteiligungKurzform>
          <!-- Optional -->
          <Fabrikat>märzer</Fabrikat>
          <!-- Optional -->
          <Kennzeichen>HÜB AB 123</Kennzeichen>
          <!-- Optional -->
          <Farbe>Schwarz</Farbe>
        </Fahrzeug>
        <!-- Optional -->
        <NotizAussendienst>Gehweg war versperrt</NotizAussendienst>
        <!-- Required -->
        <Tattag>
          <!-- Required -->
          <Von>10.11.2024</Von>
          <!-- Optional -->
          <Bis>10.11.2024</Bis>
        </Tattag>
        <!-- Required -->
        <Tatzeit>
          <!-- Required -->
          <Von>12:00</Von>
          <!-- Optional -->
          <Bis>12:03</Bis>
        </Tatzeit>
      </Falldaten>
      <!-- Required -->
      <Tatbestaende>
        <!-- Multiple -->
        <Tatbestand>
          <!-- Optional (BKAT) -->
          <Texttyp>9</Texttyp>
          <!-- Required -->
          <Tatbestandsnummer>142170</Tatbestandsnummer>
        </Tatbestand>
      </Tatbestaende>
      <!-- Optional -->
      <Bilder>
        <!-- Multiple -->
        <Bild Inhalt="Gesamtbild" Dateiname="test.jpg"/>
      </Bilder>
      <!-- Optional -->
      <Beweise>
        <!-- Optional (0-2) -->
        <Beweis>Zeugen/Zeuge, Foto</Beweis>
      </Beweise>
      <!-- Optional -->
      <Tatorte>
        <!-- Optional (0-3) -->
        <Tatort>Am Weiher 123, Beim Nazis-Raus Aufkleber</Tatort>
      </Tatorte>
      <!-- Optional -->
      <Historie>
        <!-- Multiple -->
        <Eintrag Typ="Posteingang" Beschreibung="Privatanzeige" Status="ausgeführt" Datum="12.11.2024" Uhrzeit="12:00">
          <!-- Optional -->
          <Dokumente>
            <!-- Multiple -->
            <Dokument Dateiname="20241110_1200_HUB-AB-123.pdf"/>
          </Dokumente>
        </Eintrag>
      </Historie>
    </Fall>
  </Mandant>
</OWIGMDEData>
